<?xml version = '1.0' encoding = 'UTF-8'?>
<Diagram class="oracle.dbtools.crest.swingui.relational.DPVRelational" name="Relational_1" id="049257D4-2514-8DB4-8ADF-4633E755E078">
<createdBy>Jichao Liang</createdBy>
<modifiedBy>Jichao Liang</modifiedBy>
<createdTime>2025-04-30 18:49:56 UTC</createdTime>
<autoRoute>false</autoRoute>
<boxInbox>true</boxInbox>
<showLegend>false</showLegend>
<showLabels>false</showLabels>
<showRelAttributes>false</showRelAttributes>
<gridEnabled>false</gridEnabled>
<showGrid>false</showGrid>
<diagramColor>-1</diagramColor>
<display>false</display>
<notation>1</notation>
<propertyMap>
<property name="ID number" value="34274723"/>
</propertyMap>
<objectViews>
<OView class="oracle.dbtools.crest.swingui.relational.TVTable" oid="16763DAE-06FB-707D-0AB3-9FF1FF474260" otype="Table" vid="E402C81C-B361-0A08-B0F9-DEC3C4668905">
<hideElementsInCurrentOnly>false</hideElementsInCurrentOnly>
<bounds x="638" y="207" width="170" height="214"/>
</OView>
<OView class="oracle.dbtools.crest.swingui.relational.TVTable" oid="238EAEBD-3F28-31D3-884C-BF6753640690" otype="Table" vid="35535203-B782-A09E-309A-ABEEBC6373BB">
<hideElementsInCurrentOnly>false</hideElementsInCurrentOnly>
<bounds x="303" y="341" width="170" height="150"/>
</OView>
<OView class="oracle.dbtools.crest.swingui.relational.TVTable" oid="3B40D676-3EF0-BF3A-15A4-8FB407A027B6" otype="Table" vid="BD97C11B-920F-4FA7-1F7C-01F3EEBF784A">
<hideElementsInCurrentOnly>false</hideElementsInCurrentOnly>
<bounds x="304" y="151" width="170" height="151"/>
</OView>
<OView class="oracle.dbtools.crest.swingui.relational.TVTable" oid="663AA307-E48E-5A14-EA07-1C2E8B20C0E9" otype="Table" vid="82CCFDAD-6F3E-52C1-A689-C05B9F458EF4">
<hideElementsInCurrentOnly>false</hideElementsInCurrentOnly>
<bounds x="297" y="554" width="170" height="110"/>
</OView>
<OView class="oracle.dbtools.crest.swingui.relational.TVTable" oid="6E331A31-56DA-AC89-E729-33C71A4F64F6" otype="Table" vid="5344D1A1-C27D-160A-CF30-2A602A99B6A8">
<hideElementsInCurrentOnly>false</hideElementsInCurrentOnly>
<bounds x="627" y="439" width="170" height="110"/>
</OView>
<OView class="oracle.dbtools.crest.swingui.relational.TVTable" oid="DF5D3096-B35A-6BC2-E3C6-E4B98F9CAE87" otype="Table" vid="93CF6D09-7F0C-C05A-4155-2D52D75004CC">
<hideElementsInCurrentOnly>false</hideElementsInCurrentOnly>
<bounds x="637" y="32" width="170" height="110"/>
</OView>
<OView class="oracle.dbtools.crest.swingui.relational.TVTable" oid="E9563673-F771-F9F4-0D85-0FEC696C30BC" otype="Table" vid="A147EB56-53D5-1687-24BF-72EA26D419EC">
<hideElementsInCurrentOnly>false</hideElementsInCurrentOnly>
<bounds x="968" y="236" width="173" height="215"/>
</OView>
<OView class="oracle.dbtools.crest.swingui.relational.TVTable" oid="ECC9EFA4-C2CC-EC40-8696-1D85FB550863" otype="Table" vid="EA6DE5A2-D80B-1479-44E6-7A42D4BE21E8">
<hideElementsInCurrentOnly>false</hideElementsInCurrentOnly>
<bounds x="970" y="43" width="170" height="133"/>
</OView>
</objectViews>
<connectors>
<Connector class="oracle.dbtools.crest.swingui.relational.TVFKRelation" oid="1580118A-1BF9-EBAF-BC68-A012E640BD24" otype="FKIndexAssociation" vid_source="BD97C11B-920F-4FA7-1F7C-01F3EEBF784A" vid_target="E402C81C-B361-0A08-B0F9-DEC3C4668905">
<hideElementsInCurrentOnly>false</hideElementsInCurrentOnly>
<backgroundColor>-16777216</backgroundColor>
<lineWidth>1</lineWidth>
<points>
<point x="474" y="284"/>
<point x="638" y="284"/>
</points>
</Connector>
<Connector class="oracle.dbtools.crest.swingui.relational.TVFKRelation" oid="2232231B-C1E1-F949-4369-F1AAEFC3BEE1" otype="FKIndexAssociation" vid_source="35535203-B782-A09E-309A-ABEEBC6373BB" vid_target="5344D1A1-C27D-160A-CF30-2A602A99B6A8">
<hideElementsInCurrentOnly>false</hideElementsInCurrentOnly>
<backgroundColor>-16777216</backgroundColor>
<lineWidth>1</lineWidth>
<points>
<point x="473" y="465"/>
<point x="627" y="465"/>
</points>
</Connector>
<Connector class="oracle.dbtools.crest.swingui.relational.TVFKRelation" oid="37166881-E4A1-AFE4-681F-FAA9C817DA95" otype="FKIndexAssociation" vid_source="BD97C11B-920F-4FA7-1F7C-01F3EEBF784A" vid_target="35535203-B782-A09E-309A-ABEEBC6373BB">
<hideElementsInCurrentOnly>false</hideElementsInCurrentOnly>
<backgroundColor>-16777216</backgroundColor>
<lineWidth>1</lineWidth>
<points>
<point x="418" y="302"/>
<point x="418" y="341"/>
</points>
</Connector>
<Connector class="oracle.dbtools.crest.swingui.relational.TVFKRelation" oid="41AC1DF7-1770-3274-F4D6-1785EA23CDE5" otype="FKIndexAssociation" vid_source="5344D1A1-C27D-160A-CF30-2A602A99B6A8" vid_target="E402C81C-B361-0A08-B0F9-DEC3C4668905">
<hideElementsInCurrentOnly>false</hideElementsInCurrentOnly>
<backgroundColor>-16777216</backgroundColor>
<lineWidth>1</lineWidth>
<points>
<point x="717" y="439"/>
<point x="717" y="421"/>
</points>
</Connector>
<Connector class="oracle.dbtools.crest.swingui.relational.TVFKRelation" oid="64685720-32BB-E188-C852-5B746525F35E" otype="FKIndexAssociation" vid_source="35535203-B782-A09E-309A-ABEEBC6373BB" vid_target="BD97C11B-920F-4FA7-1F7C-01F3EEBF784A">
<hideElementsInCurrentOnly>false</hideElementsInCurrentOnly>
<backgroundColor>-16777216</backgroundColor>
<lineWidth>1</lineWidth>
<points>
<point x="373" y="341"/>
<point x="373" y="302"/>
</points>
</Connector>
<Connector class="oracle.dbtools.crest.swingui.relational.TVFKRelation" oid="CFB62082-D50A-62B4-682B-668C9E8ACF8F" otype="FKIndexAssociation" vid_source="A147EB56-53D5-1687-24BF-72EA26D419EC" vid_target="E402C81C-B361-0A08-B0F9-DEC3C4668905">
<hideElementsInCurrentOnly>false</hideElementsInCurrentOnly>
<backgroundColor>-16777216</backgroundColor>
<lineWidth>1</lineWidth>
<points>
<point x="968" y="328"/>
<point x="808" y="328"/>
</points>
</Connector>
<Connector class="oracle.dbtools.crest.swingui.relational.TVFKRelation" oid="D364C22A-D9B9-FA74-2E0F-1F9BC180571A" otype="FKIndexAssociation" vid_source="EA6DE5A2-D80B-1479-44E6-7A42D4BE21E8" vid_target="A147EB56-53D5-1687-24BF-72EA26D419EC">
<hideElementsInCurrentOnly>false</hideElementsInCurrentOnly>
<backgroundColor>-16777216</backgroundColor>
<lineWidth>1</lineWidth>
<points>
<point x="1040" y="176"/>
<point x="1040" y="236"/>
</points>
</Connector>
<Connector class="oracle.dbtools.crest.swingui.relational.TVFKRelation" oid="D749D285-0563-8293-DEB5-878DD5B1E923" otype="FKIndexAssociation" vid_source="82CCFDAD-6F3E-52C1-A689-C05B9F458EF4" vid_target="35535203-B782-A09E-309A-ABEEBC6373BB">
<hideElementsInCurrentOnly>false</hideElementsInCurrentOnly>
<backgroundColor>-16777216</backgroundColor>
<lineWidth>1</lineWidth>
<points>
<point x="385" y="554"/>
<point x="385" y="491"/>
</points>
</Connector>
<Connector class="oracle.dbtools.crest.swingui.relational.TVFKRelation" oid="F8DC4F7E-BAC0-A4E2-F619-BF3616877ABF" otype="FKIndexAssociation" vid_source="93CF6D09-7F0C-C05A-4155-2D52D75004CC" vid_target="E402C81C-B361-0A08-B0F9-DEC3C4668905">
<hideElementsInCurrentOnly>false</hideElementsInCurrentOnly>
<backgroundColor>-16777216</backgroundColor>
<lineWidth>1</lineWidth>
<points>
<point x="752" y="142"/>
<point x="752" y="207"/>
</points>
</Connector>
<Connector class="oracle.dbtools.crest.swingui.relational.TVFKRelation" oid="FE36F311-4347-DEE3-5086-1FD2080161EC" otype="FKIndexAssociation" vid_source="A147EB56-53D5-1687-24BF-72EA26D419EC" vid_target="A147EB56-53D5-1687-24BF-72EA26D419EC">
<hideElementsInCurrentOnly>false</hideElementsInCurrentOnly>
<backgroundColor>-16777216</backgroundColor>
<lineWidth>1</lineWidth>
<points>
<point x="1141" y="330"/>
<point x="1216" y="330"/>
<point x="1216" y="472"/>
<point x="1069" y="472"/>
<point x="1069" y="451"/>
</points>
</Connector>
</connectors>
</Diagram>
