<?xml version = '1.0' encoding = 'UTF-8'?>
<Table class="oracle.dbtools.crest.model.design.relational.Table" directorySegmentName="seg_0" id="DF5D3096-B35A-6BC2-E3C6-E4B98F9CAE87" name="MANIFEST">
<createdBy>ALIENWARE</createdBy>
<createdTime>2025-05-01 13:16:44 UTC</createdTime>
<generatorID>DD65317C-F8BA-A05B-9C6C-188CC4BE19C6</generatorID>
<ownerDesignName>oo_logical</ownerDesignName>
<allowColumnReorder>false</allowColumnReorder>
<existDependencyGenerateInDDl>true</existDependencyGenerateInDDl>
<parsed>true</parsed>
<columns itemClass="oracle.dbtools.crest.model.design.relational.Column">
<Column name="mani_name" id="EECBB561-F082-B114-35D0-E5A263C894B9">
<createdBy>ALIENWARE</createdBy>
<createdTime>2025-05-01 13:16:44 UTC</createdTime>
<commentInRDBMS><![CDATA[Manifest name]]></commentInRDBMS>
<generatorID>8943FDF3-E9BF-3902-F533-D04FF8FC5B77</generatorID>
<ownerDesignName>oo_logical</ownerDesignName>
<useDomainConstraints>false</useDomainConstraints>
<use>1</use>
<logicalDatatype>LOGDT024</logicalDatatype>
<dataTypeSize>50</dataTypeSize>
<ownDataTypeParameters>50,,</ownDataTypeParameters>
<autoIncrementCycle>false</autoIncrementCycle>
</Column>
<Column name="pas_bod_date_time" id="5DC11D42-16C6-D196-1BA3-F43DCC3185B0">
<createdBy>ALIENWARE</createdBy>
<createdTime>2025-05-01 13:16:44 UTC</createdTime>
<commentInRDBMS><![CDATA[Passenger boarding date and time if board ]]></commentInRDBMS>
<generatorID>AD48CB24-CAA3-0429-6FAF-82318281EA42</generatorID>
<ownerDesignName>oo_logical</ownerDesignName>
<nullsAllowed>true</nullsAllowed>
<useDomainConstraints>false</useDomainConstraints>
<use>1</use>
<logicalDatatype>LOGDT008</logicalDatatype>
<ownDataTypeParameters>,,</ownDataTypeParameters>
<autoIncrementCycle>false</autoIncrementCycle>
</Column>
</columns>
<indexes itemClass="oracle.dbtools.crest.model.design.relational.Index">
<ind_PK_UK id="31E7BF19-9FAA-F8A5-6D7C-8414ABF371FF" name="MANIFEST_PK">
<createdBy>ALIENWARE</createdBy>
<createdTime>2025-05-01 13:16:44 UTC</createdTime>
<generatorID>1E852910-E12E-5D02-EA47-ECF1305D0BEB</generatorID>
<ownerDesignName>oo_logical</ownerDesignName>
<pk>true</pk>
<indexState>Primary Constraint</indexState>
<isSurrogateKey>false</isSurrogateKey>
<indexColumnUsage>
<colUsage columnID="EECBB561-F082-B114-35D0-E5A263C894B9"/>
</indexColumnUsage>
</ind_PK_UK>
</indexes>
</Table>
