<?xml version = '1.0' encoding = 'UTF-8'?>
<Entity class="oracle.dbtools.crest.model.design.logical.Entity" directorySegmentName="seg_0" id="2E42A248-236E-ACE9-577D-F77EC9FE9F79" name="OPERATOR">
<createdBy>ALIENWARE</createdBy>
<createdTime>2025-04-30 20:54:45 UTC</createdTime>
<ownerDesignName>oo_logical</ownerDesignName>
<engineerTo>
<item key="33C67C91-BDA3-A3F5-4D27-80B615705990" value="true"/>
</engineerTo>
<adequatelyNormalized>NO</adequatelyNormalized>
<expectedVolumes>0</expectedVolumes>
<fwdEngineeringStrategyName>Single Table</fwdEngineeringStrategyName>
<growthPercent>0</growthPercent>
<growthType>Year</growthType>
<maxVolumes>9999999</maxVolumes>
<minVolumes>0</minVolumes>
<normalForm>Third</normalForm>
<attributes itemClass="oracle.dbtools.crest.model.design.logical.Attribute">
<Attribute name="op_id" id="11123C45-D305-59CB-FA70-6AC4BA36DA4B">
<createdBy>ALIENWARE</createdBy>
<createdTime>2025-04-30 20:55:05 UTC</createdTime>
<commentInRDBMS><![CDATA[Operator ID]]></commentInRDBMS>
<ownerDesignName>oo_logical</ownerDesignName>
<engineerTo>
<item key="33C67C91-BDA3-A3F5-4D27-80B615705990" value="true"/>
</engineerTo>
<useDomainConstraints>false</useDomainConstraints>
<use>1</use>
<logicalDatatype>LOGDT019</logicalDatatype>
<dataTypePrecision>7</dataTypePrecision>
<ownDataTypeParameters>,7,</ownDataTypeParameters>
</Attribute>
<Attribute name="cp_name" id="022F87DC-1928-1CEF-78C3-A9A18B82BDFF">
<createdBy>ALIENWARE</createdBy>
<createdTime>2025-04-30 20:55:53 UTC</createdTime>
<commentInRDBMS><![CDATA[Operate company name]]></commentInRDBMS>
<ownerDesignName>oo_logical</ownerDesignName>
<engineerTo>
<item key="33C67C91-BDA3-A3F5-4D27-80B615705990" value="true"/>
</engineerTo>
<useDomainConstraints>false</useDomainConstraints>
<use>1</use>
<logicalDatatype>LOGDT024</logicalDatatype>
<dataTypeSize>50</dataTypeSize>
<ownDataTypeParameters>50,,</ownDataTypeParameters>
</Attribute>
<Attribute name="ceo_name" id="15E7428F-D0CA-0068-7B7A-717478CA832F">
<createdBy>ALIENWARE</createdBy>
<createdTime>2025-04-30 20:56:36 UTC</createdTime>
<commentInRDBMS><![CDATA[Operate company CEO name]]></commentInRDBMS>
<ownerDesignName>oo_logical</ownerDesignName>
<engineerTo>
<item key="33C67C91-BDA3-A3F5-4D27-80B615705990" value="true"/>
</engineerTo>
<useDomainConstraints>false</useDomainConstraints>
<use>1</use>
<logicalDatatype>LOGDT024</logicalDatatype>
<dataTypeSize>50</dataTypeSize>
<ownDataTypeParameters>50,,</ownDataTypeParameters>
</Attribute>
</attributes>
<identifiers itemClass="oracle.dbtools.crest.model.design.logical.CandidateKey">
<identifier id="BF8C1215-23D5-2A65-6DF7-02519F9F6B49" name="OPERATOR PK">
<createdBy>ALIENWARE</createdBy>
<createdTime>2025-04-30 20:55:44 UTC</createdTime>
<ownerDesignName>oo_logical</ownerDesignName>
<engineerTo>
<item key="33C67C91-BDA3-A3F5-4D27-80B615705990" value="true"/>
</engineerTo>
<pk>true</pk>
<usedAttributes>
<attributeRef>11123C45-D305-59CB-FA70-6AC4BA36DA4B</attributeRef>
</usedAttributes>
</identifier>
</identifiers>
</Entity>
