<?xml version = '1.0' encoding = 'UTF-8'?>
<Entity class="oracle.dbtools.crest.model.design.logical.Entity" directorySegmentName="seg_0" id="53DE7C88-DCD7-0C65-AE5B-C390EDAC1790" name="ADDRESS">
<createdBy>ALIENWARE</createdBy>
<createdTime>2025-05-01 10:18:29 UTC</createdTime>
<ownerDesignName>oo_logical</ownerDesignName>
<engineerTo>
<item key="33C67C91-BDA3-A3F5-4D27-80B615705990" value="true"/>
</engineerTo>
<adequatelyNormalized>NO</adequatelyNormalized>
<expectedVolumes>0</expectedVolumes>
<fwdEngineeringStrategyName>Single Table</fwdEngineeringStrategyName>
<growthPercent>0</growthPercent>
<growthType>Year</growthType>
<maxVolumes>9999999</maxVolumes>
<minVolumes>0</minVolumes>
<normalForm>Third</normalForm>
<attributes itemClass="oracle.dbtools.crest.model.design.logical.Attribute">
<Attribute name="addr_no" id="7CB3EBBC-799A-3952-5393-428E3AB6C427">
<createdBy>ALIENWARE</createdBy>
<createdTime>2025-05-01 10:26:20 UTC</createdTime>
<commentInRDBMS><![CDATA[Address number]]></commentInRDBMS>
<ownerDesignName>oo_logical</ownerDesignName>
<engineerTo>
<item key="33C67C91-BDA3-A3F5-4D27-80B615705990" value="true"/>
</engineerTo>
<useDomainConstraints>false</useDomainConstraints>
<use>1</use>
<logicalDatatype>LOGDT019</logicalDatatype>
<dataTypePrecision>7</dataTypePrecision>
<ownDataTypeParameters>,7,</ownDataTypeParameters>
</Attribute>
<Attribute name="street" id="7E006A68-1DAB-A367-F536-864A6CC125B2">
<createdBy>ALIENWARE</createdBy>
<createdTime>2025-05-01 10:19:37 UTC</createdTime>
<commentInRDBMS><![CDATA[Address street]]></commentInRDBMS>
<ownerDesignName>oo_logical</ownerDesignName>
<engineerTo>
<item key="33C67C91-BDA3-A3F5-4D27-80B615705990" value="true"/>
</engineerTo>
<useDomainConstraints>false</useDomainConstraints>
<use>1</use>
<logicalDatatype>LOGDT024</logicalDatatype>
<dataTypeSize>50</dataTypeSize>
<ownDataTypeParameters>50,,</ownDataTypeParameters>
</Attribute>
<Attribute name="town" id="B7879D63-9B20-8BEB-B116-283B32549EEF">
<createdBy>ALIENWARE</createdBy>
<createdTime>2025-05-01 10:20:07 UTC</createdTime>
<commentInRDBMS><![CDATA[Address town]]></commentInRDBMS>
<ownerDesignName>oo_logical</ownerDesignName>
<engineerTo>
<item key="33C67C91-BDA3-A3F5-4D27-80B615705990" value="true"/>
</engineerTo>
<useDomainConstraints>false</useDomainConstraints>
<use>1</use>
<logicalDatatype>LOGDT024</logicalDatatype>
<dataTypeSize>50</dataTypeSize>
<ownDataTypeParameters>50,,</ownDataTypeParameters>
</Attribute>
<Attribute name="postcode" id="34AE8B66-CD5A-A7C2-F1AC-67F8D52A93A0">
<createdBy>ALIENWARE</createdBy>
<createdTime>2025-05-01 10:20:28 UTC</createdTime>
<commentInRDBMS><![CDATA[Address postcode]]></commentInRDBMS>
<ownerDesignName>oo_logical</ownerDesignName>
<engineerTo>
<item key="33C67C91-BDA3-A3F5-4D27-80B615705990" value="true"/>
</engineerTo>
<useDomainConstraints>false</useDomainConstraints>
<use>1</use>
<logicalDatatype>LOGDT025</logicalDatatype>
<dataTypeSize>10</dataTypeSize>
<ownDataTypeParameters>10,,</ownDataTypeParameters>
</Attribute>
<Attribute name="country_name" id="680F2D42-C0E8-1C9B-73F9-E2486D6806F9">
<createdBy>ALIENWARE</createdBy>
<createdTime>2025-05-01 10:20:53 UTC</createdTime>
<commentInRDBMS><![CDATA[Address country name]]></commentInRDBMS>
<ownerDesignName>oo_logical</ownerDesignName>
<engineerTo>
<item key="33C67C91-BDA3-A3F5-4D27-80B615705990" value="true"/>
</engineerTo>
<useDomainConstraints>false</useDomainConstraints>
<use>1</use>
<logicalDatatype>LOGDT024</logicalDatatype>
<dataTypeSize>50</dataTypeSize>
<ownDataTypeParameters>50,,</ownDataTypeParameters>
</Attribute>
</attributes>
<identifiers itemClass="oracle.dbtools.crest.model.design.logical.CandidateKey">
<identifier id="115574F4-EF16-120F-D64D-432C03A7DA97" name="ADDRESS PK">
<createdBy>ALIENWARE</createdBy>
<createdTime>2025-05-01 10:19:54 UTC</createdTime>
<ownerDesignName>oo_logical</ownerDesignName>
<engineerTo>
<item key="33C67C91-BDA3-A3F5-4D27-80B615705990" value="true"/>
</engineerTo>
<pk>true</pk>
<usedAttributes>
<attributeRef>7CB3EBBC-799A-3952-5393-428E3AB6C427</attributeRef>
</usedAttributes>
</identifier>
</identifiers>
</Entity>
