<?xml version = '1.0' encoding = 'UTF-8'?>
<Entity class="oracle.dbtools.crest.model.design.logical.Entity" directorySegmentName="seg_0" id="5C6FE5C7-0C4F-DB91-B183-CA8C6CADFB1C" name="PASSENGER">
<createdBy>ALIENWARE</createdBy>
<createdTime>2025-05-01 08:03:05 UTC</createdTime>
<ownerDesignName>oo_logical</ownerDesignName>
<engineerTo>
<item key="33C67C91-BDA3-A3F5-4D27-80B615705990" value="true"/>
</engineerTo>
<adequatelyNormalized>NO</adequatelyNormalized>
<expectedVolumes>0</expectedVolumes>
<fwdEngineeringStrategyName>Single Table</fwdEngineeringStrategyName>
<growthPercent>0</growthPercent>
<growthType>Year</growthType>
<maxVolumes>9999999</maxVolumes>
<minVolumes>0</minVolumes>
<normalForm>Third</normalForm>
<attributes itemClass="oracle.dbtools.crest.model.design.logical.Attribute">
<Attribute name="pas_id" id="E1AF8338-0D51-E151-A659-F4DCE4E93A90">
<createdBy>ALIENWARE</createdBy>
<createdTime>2025-05-01 10:16:59 UTC</createdTime>
<commentInRDBMS><![CDATA[Passenger ID]]></commentInRDBMS>
<ownerDesignName>oo_logical</ownerDesignName>
<engineerTo>
<item key="33C67C91-BDA3-A3F5-4D27-80B615705990" value="true"/>
</engineerTo>
<useDomainConstraints>false</useDomainConstraints>
<use>1</use>
<logicalDatatype>LOGDT019</logicalDatatype>
<dataTypePrecision>7</dataTypePrecision>
<ownDataTypeParameters>,7,</ownDataTypeParameters>
</Attribute>
<Attribute name="pas_fstname" id="5A82CBCA-D8B6-7D82-6292-6FE1A3630FC5">
<createdBy>ALIENWARE</createdBy>
<createdTime>2025-05-01 08:03:39 UTC</createdTime>
<commentInRDBMS><![CDATA[Passenger first name]]></commentInRDBMS>
<ownerDesignName>oo_logical</ownerDesignName>
<engineerTo>
<item key="33C67C91-BDA3-A3F5-4D27-80B615705990" value="true"/>
</engineerTo>
<useDomainConstraints>false</useDomainConstraints>
<use>1</use>
<logicalDatatype>LOGDT024</logicalDatatype>
<dataTypeSize>50</dataTypeSize>
<ownDataTypeParameters>50,,</ownDataTypeParameters>
</Attribute>
<Attribute name="pas_lstname" id="19C12896-474E-87D6-5A8F-F89506327A9B">
<createdBy>ALIENWARE</createdBy>
<createdTime>2025-05-01 08:04:21 UTC</createdTime>
<commentInRDBMS><![CDATA[Passenger last name]]></commentInRDBMS>
<ownerDesignName>oo_logical</ownerDesignName>
<engineerTo>
<item key="33C67C91-BDA3-A3F5-4D27-80B615705990" value="true"/>
</engineerTo>
<useDomainConstraints>false</useDomainConstraints>
<use>1</use>
<logicalDatatype>LOGDT024</logicalDatatype>
<dataTypeSize>50</dataTypeSize>
<ownDataTypeParameters>50,,</ownDataTypeParameters>
</Attribute>
<Attribute name="pas_gender" id="BDB14E87-58FC-D3ED-0C65-F27F703ABFC1">
<createdBy>ALIENWARE</createdBy>
<createdTime>2025-05-01 08:04:41 UTC</createdTime>
<commentInRDBMS><![CDATA[Passenger gender, F-Female, M-Male, O-Others]]></commentInRDBMS>
<ownerDesignName>oo_logical</ownerDesignName>
<engineerTo>
<item key="33C67C91-BDA3-A3F5-4D27-80B615705990" value="true"/>
</engineerTo>
<constraintName>chk_pasgender</constraintName>
<useDomainConstraints>false</useDomainConstraints>
<use>1</use>
<logicalDatatype>LOGDT025</logicalDatatype>
<dataTypeSize>10</dataTypeSize>
<listOfValues>
<valueDef value="F" description="Female"/>
<valueDef value="M" description="Male"/>
<valueDef value="O" description="Others"/>
</listOfValues>
<ownDataTypeParameters>10,,</ownDataTypeParameters>
</Attribute>
<Attribute name="gas_dob" id="1409E01E-BD89-9853-8EFC-CA102FA0657A">
<createdBy>ALIENWARE</createdBy>
<createdTime>2025-05-01 08:06:32 UTC</createdTime>
<commentInRDBMS><![CDATA[Passenger date of birth]]></commentInRDBMS>
<ownerDesignName>oo_logical</ownerDesignName>
<engineerTo>
<item key="33C67C91-BDA3-A3F5-4D27-80B615705990" value="true"/>
</engineerTo>
<useDomainConstraints>false</useDomainConstraints>
<use>1</use>
<logicalDatatype>LOGDT007</logicalDatatype>
<ownDataTypeParameters>,,</ownDataTypeParameters>
</Attribute>
<Attribute name="gud_phone" id="72858493-36D8-B318-E320-E4680AA7F95E">
<createdBy>ALIENWARE</createdBy>
<createdTime>2025-05-01 08:07:56 UTC</createdTime>
<commentInRDBMS><![CDATA[Passenger contact phone number.If minors, use guardian phone number]]></commentInRDBMS>
<ownerDesignName>oo_logical</ownerDesignName>
<engineerTo>
<item key="33C67C91-BDA3-A3F5-4D27-80B615705990" value="true"/>
</engineerTo>
<nullsAllowed>true</nullsAllowed>
<useDomainConstraints>false</useDomainConstraints>
<use>1</use>
<logicalDatatype>LOGDT025</logicalDatatype>
<dataTypeSize>10</dataTypeSize>
<ownDataTypeParameters>10,,</ownDataTypeParameters>
</Attribute>
<Attribute name="gud_id" id="4173EA43-2EA1-D5F5-B220-7DAD0CEF75B1">
<createdBy>ALIENWARE</createdBy>
<createdTime>2025-05-01 13:23:55 UTC</createdTime>
<commentInRDBMS><![CDATA[Guardian ID if minors]]></commentInRDBMS>
<ownerDesignName>oo_logical</ownerDesignName>
<engineerTo>
<item key="33C67C91-BDA3-A3F5-4D27-80B615705990" value="true"/>
</engineerTo>
<nullsAllowed>true</nullsAllowed>
<useDomainConstraints>false</useDomainConstraints>
<use>1</use>
<logicalDatatype>LOGDT019</logicalDatatype>
<dataTypePrecision>7</dataTypePrecision>
<ownDataTypeParameters>,7,</ownDataTypeParameters>
</Attribute>
<Attribute name="addr_no" id="70FF6811-A0E1-2807-0F78-3DE2016B2185">
<createdBy>ALIENWARE</createdBy>
<createdTime>2025-05-01 10:26:26 UTC</createdTime>
<commentInRDBMS><![CDATA[Address number]]></commentInRDBMS>
<generatorID>E1CC6371-8B0D-864E-0D0C-3003DEF08BBA</generatorID>
<ownerDesignName>oo_logical</ownerDesignName>
<engineerTo>
<item key="33C67C91-BDA3-A3F5-4D27-80B615705990" value="true"/>
</engineerTo>
<referedAttribute>7CB3EBBC-799A-3952-5393-428E3AB6C427</referedAttribute>
<useDomainConstraints>false</useDomainConstraints>
<use>1</use>
<logicalDatatype>LOGDT019</logicalDatatype>
<dataTypePrecision>7</dataTypePrecision>
<ownDataTypeParameters>,,</ownDataTypeParameters>
</Attribute>
<Attribute name="pas_id1" id="03E3B230-CA05-B584-0C30-3442A59B4FB9">
<createdBy>ALIENWARE</createdBy>
<createdTime>2025-05-01 13:22:14 UTC</createdTime>
<commentInRDBMS><![CDATA[Passenger ID]]></commentInRDBMS>
<generatorID>0C7DC4B4-FDFD-7831-12B4-F43E52B34D99</generatorID>
<ownerDesignName>oo_logical</ownerDesignName>
<engineerTo>
<item key="33C67C91-BDA3-A3F5-4D27-80B615705990" value="true"/>
</engineerTo>
<nullsAllowed>true</nullsAllowed>
<referedAttribute>E1AF8338-0D51-E151-A659-F4DCE4E93A90</referedAttribute>
<useDomainConstraints>false</useDomainConstraints>
<use>1</use>
<logicalDatatype>LOGDT019</logicalDatatype>
<dataTypePrecision>7</dataTypePrecision>
<ownDataTypeParameters>,,</ownDataTypeParameters>
</Attribute>
</attributes>
<identifiers itemClass="oracle.dbtools.crest.model.design.logical.CandidateKey">
<identifier id="4B22F9E6-DFA8-4A8D-5F11-8CC29409072D" name="PASSENGER PK">
<createdBy>ALIENWARE</createdBy>
<createdTime>2025-05-01 08:03:32 UTC</createdTime>
<ownerDesignName>oo_logical</ownerDesignName>
<shouldEngineer>false</shouldEngineer>
<engineerTo>
<item key="33C67C91-BDA3-A3F5-4D27-80B615705990" value="false"/>
</engineerTo>
<pk>true</pk>
<usedAttributes>
<attributeRef>E1AF8338-0D51-E151-A659-F4DCE4E93A90</attributeRef>
</usedAttributes>
</identifier>
</identifiers>
</Entity>
