<?xml version = '1.0' encoding = 'UTF-8'?>
<Entity class="oracle.dbtools.crest.model.design.logical.Entity" directorySegmentName="seg_0" id="5F40A741-2BFA-7DFA-9D24-6FC08AF90B09" name="CABIN">
<createdBy>ALIENWARE</createdBy>
<createdTime>2025-04-30 21:01:20 UTC</createdTime>
<ownerDesignName>oo_logical</ownerDesignName>
<engineerTo>
<item key="33C67C91-BDA3-A3F5-4D27-80B615705990" value="true"/>
</engineerTo>
<adequatelyNormalized>NO</adequatelyNormalized>
<expectedVolumes>0</expectedVolumes>
<fwdEngineeringStrategyName>Single Table</fwdEngineeringStrategyName>
<growthPercent>0</growthPercent>
<growthType>Year</growthType>
<maxVolumes>9999999</maxVolumes>
<minVolumes>0</minVolumes>
<normalForm>Third</normalForm>
<attributes itemClass="oracle.dbtools.crest.model.design.logical.Attribute">
<Attribute name="cab_no" id="46C76777-ED1F-5E4F-0438-A98AFB3A0E2E">
<createdBy>ALIENWARE</createdBy>
<createdTime>2025-04-30 21:01:33 UTC</createdTime>
<commentInRDBMS><![CDATA[Cabin number]]></commentInRDBMS>
<ownerDesignName>oo_logical</ownerDesignName>
<engineerTo>
<item key="33C67C91-BDA3-A3F5-4D27-80B615705990" value="true"/>
</engineerTo>
<useDomainConstraints>false</useDomainConstraints>
<use>1</use>
<logicalDatatype>LOGDT019</logicalDatatype>
<dataTypePrecision>7</dataTypePrecision>
<ownDataTypeParameters>,7,</ownDataTypeParameters>
</Attribute>
<Attribute name="ship_code" id="EFBE67D4-622D-0E2A-3BE0-361355D9FA1D">
<createdBy>ALIENWARE</createdBy>
<createdTime>2025-04-30 21:05:31 UTC</createdTime>
<commentInRDBMS><![CDATA[Ship code]]></commentInRDBMS>
<generatorID>430E024B-CB74-76EE-A3D5-F13F3132DA0A</generatorID>
<ownerDesignName>oo_logical</ownerDesignName>
<engineerTo>
<item key="33C67C91-BDA3-A3F5-4D27-80B615705990" value="true"/>
</engineerTo>
<referedAttribute>6545DB2B-2DD9-55EE-7CE7-456DAF4DE2CF</referedAttribute>
<useDomainConstraints>false</useDomainConstraints>
<use>1</use>
<logicalDatatype>LOGDT019</logicalDatatype>
<dataTypePrecision>7</dataTypePrecision>
<ownDataTypeParameters>,,</ownDataTypeParameters>
</Attribute>
<Attribute name="slp_capacity" id="CC36AF59-20C3-015E-35C6-C35AA5171B87">
<createdBy>ALIENWARE</createdBy>
<createdTime>2025-04-30 21:02:05 UTC</createdTime>
<commentInRDBMS><![CDATA[Cabin sleeping capacity]]></commentInRDBMS>
<ownerDesignName>oo_logical</ownerDesignName>
<engineerTo>
<item key="33C67C91-BDA3-A3F5-4D27-80B615705990" value="true"/>
</engineerTo>
<useDomainConstraints>false</useDomainConstraints>
<use>1</use>
<logicalDatatype>LOGDT025</logicalDatatype>
<dataTypeSize>10</dataTypeSize>
<ownDataTypeParameters>10,,</ownDataTypeParameters>
</Attribute>
<Attribute name="cab_class" id="A904BE4B-6D65-5457-65E7-0DED958CAE04">
<createdBy>ALIENWARE</createdBy>
<createdTime>2025-04-30 21:02:45 UTC</createdTime>
<commentInRDBMS><![CDATA[Cabin class, I-Interior, O-Ocean view, B-Balcony, S-Suite]]></commentInRDBMS>
<ownerDesignName>oo_logical</ownerDesignName>
<engineerTo>
<item key="33C67C91-BDA3-A3F5-4D27-80B615705990" value="true"/>
</engineerTo>
<constraintName>chk_cabclass</constraintName>
<useDomainConstraints>false</useDomainConstraints>
<use>1</use>
<logicalDatatype>LOGDT025</logicalDatatype>
<dataTypeSize>10</dataTypeSize>
<listOfValues>
<valueDef value="B" description="Balcony"/>
<valueDef value="I" description="Interior"/>
<valueDef value="O" description="Ocean view"/>
<valueDef value="S" description="Suite"/>
</listOfValues>
<ownDataTypeParameters>10,,</ownDataTypeParameters>
</Attribute>
</attributes>
<identifiers itemClass="oracle.dbtools.crest.model.design.logical.CandidateKey">
<identifier id="BCB8C1A3-7C43-D700-75B0-42D322450819" name="CABIN PK">
<createdBy>ALIENWARE</createdBy>
<createdTime>2025-04-30 21:01:56 UTC</createdTime>
<ownerDesignName>oo_logical</ownerDesignName>
<engineerTo>
<item key="33C67C91-BDA3-A3F5-4D27-80B615705990" value="true"/>
</engineerTo>
<pk>true</pk>
<usedAttributes>
<attributeRef>46C76777-ED1F-5E4F-0438-A98AFB3A0E2E</attributeRef>
<attributeRef>EFBE67D4-622D-0E2A-3BE0-361355D9FA1D</attributeRef>
</usedAttributes>
</identifier>
</identifiers>
</Entity>
