<?xml version = '1.0' encoding = 'UTF-8'?>
<Entity class="oracle.dbtools.crest.model.design.logical.Entity" directorySegmentName="seg_0" id="7D297154-FEA4-07B3-627E-082C64243610" name="BOOKING">
<createdBy>ALIENWARE</createdBy>
<createdTime>2025-05-01 09:05:09 UTC</createdTime>
<ownerDesignName>oo_logical</ownerDesignName>
<engineerTo>
<item key="33C67C91-BDA3-A3F5-4D27-80B615705990" value="true"/>
</engineerTo>
<adequatelyNormalized>NO</adequatelyNormalized>
<expectedVolumes>0</expectedVolumes>
<fwdEngineeringStrategyName>Single Table</fwdEngineeringStrategyName>
<growthPercent>0</growthPercent>
<growthType>Year</growthType>
<maxVolumes>9999999</maxVolumes>
<minVolumes>0</minVolumes>
<normalForm>Third</normalForm>
<attributes itemClass="oracle.dbtools.crest.model.design.logical.Attribute">
<Attribute name="bk_no" id="1EF5A6D5-6B53-4492-94F9-71CA962CFBB5">
<createdBy>ALIENWARE</createdBy>
<createdTime>2025-05-01 09:50:05 UTC</createdTime>
<commentInRDBMS><![CDATA[Booking number]]></commentInRDBMS>
<ownerDesignName>oo_logical</ownerDesignName>
<engineerTo>
<item key="33C67C91-BDA3-A3F5-4D27-80B615705990" value="true"/>
</engineerTo>
<useDomainConstraints>false</useDomainConstraints>
<use>1</use>
<logicalDatatype>LOGDT019</logicalDatatype>
<dataTypePrecision>7</dataTypePrecision>
<ownDataTypeParameters>,7,</ownDataTypeParameters>
</Attribute>
<Attribute name="pas_id" id="EC9108E3-82FB-843B-879A-DBF4014C4E5E">
<createdBy>ALIENWARE</createdBy>
<createdTime>2025-05-01 10:17:10 UTC</createdTime>
<commentInRDBMS><![CDATA[Passenger ID]]></commentInRDBMS>
<generatorID>F4048F5D-A674-F189-429F-359A8970F38C</generatorID>
<ownerDesignName>oo_logical</ownerDesignName>
<engineerTo>
<item key="33C67C91-BDA3-A3F5-4D27-80B615705990" value="true"/>
</engineerTo>
<referedAttribute>E1AF8338-0D51-E151-A659-F4DCE4E93A90</referedAttribute>
<useDomainConstraints>false</useDomainConstraints>
<use>1</use>
<logicalDatatype>LOGDT019</logicalDatatype>
<dataTypePrecision>7</dataTypePrecision>
<ownDataTypeParameters>,7,</ownDataTypeParameters>
</Attribute>
<Attribute name="cruise_id" id="AF023B73-8F52-8BC2-BC16-532E583FD72E">
<createdBy>ALIENWARE</createdBy>
<createdTime>2025-05-01 09:33:50 UTC</createdTime>
<commentInRDBMS><![CDATA[Cruise ID]]></commentInRDBMS>
<generatorID>F3AF3B09-B1EF-3C3F-1365-73B5BC5B4D7A</generatorID>
<ownerDesignName>oo_logical</ownerDesignName>
<engineerTo>
<item key="33C67C91-BDA3-A3F5-4D27-80B615705990" value="true"/>
</engineerTo>
<referedAttribute>213A9F58-B71E-1F88-D355-8852DA28F9FA</referedAttribute>
<useDomainConstraints>false</useDomainConstraints>
<use>1</use>
<logicalDatatype>LOGDT019</logicalDatatype>
<dataTypePrecision>7</dataTypePrecision>
<ownDataTypeParameters>,7,</ownDataTypeParameters>
</Attribute>
<Attribute name="cab_no" id="5C171689-53C5-D5E1-EC96-9EA919C54B75">
<createdBy>ALIENWARE</createdBy>
<createdTime>2025-05-01 09:13:03 UTC</createdTime>
<commentInRDBMS><![CDATA[Cabin number]]></commentInRDBMS>
<generatorID>760EEB08-ECD9-665F-5D6D-104930EE7AE3</generatorID>
<ownerDesignName>oo_logical</ownerDesignName>
<engineerTo>
<item key="33C67C91-BDA3-A3F5-4D27-80B615705990" value="true"/>
</engineerTo>
<referedAttribute>46C76777-ED1F-5E4F-0438-A98AFB3A0E2E</referedAttribute>
<useDomainConstraints>false</useDomainConstraints>
<use>1</use>
<logicalDatatype>LOGDT019</logicalDatatype>
<dataTypePrecision>7</dataTypePrecision>
<ownDataTypeParameters>,7,</ownDataTypeParameters>
</Attribute>
<Attribute name="ship_code" id="FEB4EE1C-FE42-4296-29E9-537DFE37FC96">
<createdBy>ALIENWARE</createdBy>
<createdTime>2025-05-01 09:13:03 UTC</createdTime>
<commentInRDBMS><![CDATA[Ship code]]></commentInRDBMS>
<generatorID>760EEB08-ECD9-665F-5D6D-104930EE7AE3</generatorID>
<ownerDesignName>oo_logical</ownerDesignName>
<engineerTo>
<item key="33C67C91-BDA3-A3F5-4D27-80B615705990" value="true"/>
</engineerTo>
<referedAttribute>EFBE67D4-622D-0E2A-3BE0-361355D9FA1D</referedAttribute>
<useDomainConstraints>false</useDomainConstraints>
<use>1</use>
<logicalDatatype>LOGDT019</logicalDatatype>
<dataTypePrecision>7</dataTypePrecision>
<ownDataTypeParameters>,7,</ownDataTypeParameters>
</Attribute>
<Attribute name="mani_name" id="F3278442-FAF4-FCF5-8C94-D327489B90B3">
<createdBy>ALIENWARE</createdBy>
<createdTime>2025-05-01 09:49:13 UTC</createdTime>
<commentInRDBMS><![CDATA[Manifest name]]></commentInRDBMS>
<generatorID>3230BF8F-EFAA-DED4-96E4-0636DAE52C20</generatorID>
<ownerDesignName>oo_logical</ownerDesignName>
<engineerTo>
<item key="33C67C91-BDA3-A3F5-4D27-80B615705990" value="true"/>
</engineerTo>
<referedAttribute>8943FDF3-E9BF-3902-F533-D04FF8FC5B77</referedAttribute>
<useDomainConstraints>false</useDomainConstraints>
<use>1</use>
<logicalDatatype>LOGDT024</logicalDatatype>
<dataTypeSize>50</dataTypeSize>
<ownDataTypeParameters>50,,</ownDataTypeParameters>
</Attribute>
</attributes>
<identifiers itemClass="oracle.dbtools.crest.model.design.logical.CandidateKey">
<identifier id="F0A57412-CFEC-E090-24E0-9F1833B110C4" name="BOOKING PK">
<createdBy>ALIENWARE</createdBy>
<createdTime>2025-05-01 09:08:20 UTC</createdTime>
<ownerDesignName>oo_logical</ownerDesignName>
<engineerTo>
<item key="33C67C91-BDA3-A3F5-4D27-80B615705990" value="true"/>
</engineerTo>
<pk>true</pk>
<usedAttributes>
<attributeRef>1EF5A6D5-6B53-4492-94F9-71CA962CFBB5</attributeRef>
</usedAttributes>
</identifier>
<identifier id="99C65106-749B-EA8A-B215-45117AE78AD2" name="BOOKING_NK">
<createdBy>ALIENWARE</createdBy>
<createdTime>2025-05-01 09:53:01 UTC</createdTime>
<ownerDesignName>oo_logical</ownerDesignName>
<engineerTo>
<item key="33C67C91-BDA3-A3F5-4D27-80B615705990" value="true"/>
</engineerTo>
<newElementsIDs>F4048F5D-A674-F189-429F-359A8970F38C,F3AF3B09-B1EF-3C3F-1365-73B5BC5B4D7A,760EEB08-ECD9-665F-5D6D-104930EE7AE3</newElementsIDs>
<usedAttributes>
<attributeRef>EC9108E3-82FB-843B-879A-DBF4014C4E5E</attributeRef>
<attributeRef>AF023B73-8F52-8BC2-BC16-532E583FD72E</attributeRef>
<attributeRef>5C171689-53C5-D5E1-EC96-9EA919C54B75</attributeRef>
<attributeRef>FEB4EE1C-FE42-4296-29E9-537DFE37FC96</attributeRef>
</usedAttributes>
</identifier>
</identifiers>
</Entity>
