<?xml version = '1.0' encoding = 'UTF-8'?>
<Entity class="oracle.dbtools.crest.model.design.logical.Entity" directorySegmentName="seg_0" id="D44A8584-0BC4-8444-92B4-7CF48F9FACB5" name="CRUISE">
<createdBy>ALIENWARE</createdBy>
<createdTime>2025-04-30 19:15:16 UTC</createdTime>
<ownerDesignName>oo_logical</ownerDesignName>
<engineerTo>
<item key="33C67C91-BDA3-A3F5-4D27-80B615705990" value="true"/>
</engineerTo>
<adequatelyNormalized>NO</adequatelyNormalized>
<expectedVolumes>0</expectedVolumes>
<fwdEngineeringStrategyName>Single Table</fwdEngineeringStrategyName>
<growthPercent>0</growthPercent>
<growthType>Year</growthType>
<maxVolumes>9999999</maxVolumes>
<minVolumes>0</minVolumes>
<normalForm>Third</normalForm>
<attributes itemClass="oracle.dbtools.crest.model.design.logical.Attribute">
<Attribute name="cruise_id" id="213A9F58-B71E-1F88-D355-8852DA28F9FA">
<createdBy>ALIENWARE</createdBy>
<createdTime>2025-05-01 09:33:25 UTC</createdTime>
<commentInRDBMS><![CDATA[Cruise ID]]></commentInRDBMS>
<ownerDesignName>oo_logical</ownerDesignName>
<engineerTo>
<item key="33C67C91-BDA3-A3F5-4D27-80B615705990" value="true"/>
</engineerTo>
<useDomainConstraints>false</useDomainConstraints>
<use>1</use>
<logicalDatatype>LOGDT019</logicalDatatype>
<dataTypePrecision>7</dataTypePrecision>
<ownDataTypeParameters>,7,</ownDataTypeParameters>
</Attribute>
<Attribute name="departure_date_time" id="0217B50F-0F4F-7DC9-A5EB-8DF51F6672B9">
<createdBy>ALIENWARE</createdBy>
<createdTime>2025-04-30 19:16:16 UTC</createdTime>
<commentInRDBMS><![CDATA[Departure date and time]]></commentInRDBMS>
<ownerDesignName>oo_logical</ownerDesignName>
<engineerTo>
<item key="33C67C91-BDA3-A3F5-4D27-80B615705990" value="true"/>
</engineerTo>
<useDomainConstraints>false</useDomainConstraints>
<use>1</use>
<logicalDatatype>LOGDT008</logicalDatatype>
<ownDataTypeParameters>,,</ownDataTypeParameters>
</Attribute>
<Attribute name="cruise_name" id="901151F8-48C2-C813-D312-F1EE827920DE">
<createdBy>ALIENWARE</createdBy>
<createdTime>2025-04-30 19:17:14 UTC</createdTime>
<commentInRDBMS><![CDATA[Cruise name]]></commentInRDBMS>
<ownerDesignName>oo_logical</ownerDesignName>
<engineerTo>
<item key="33C67C91-BDA3-A3F5-4D27-80B615705990" value="true"/>
</engineerTo>
<useDomainConstraints>false</useDomainConstraints>
<use>1</use>
<logicalDatatype>LOGDT024</logicalDatatype>
<dataTypeSize>50</dataTypeSize>
<ownDataTypeParameters>50,,</ownDataTypeParameters>
</Attribute>
<Attribute name="description" id="286B5A32-897A-A0AE-80C4-763D8B58B208">
<createdBy>ALIENWARE</createdBy>
<createdTime>2025-04-30 19:17:51 UTC</createdTime>
<commentInRDBMS><![CDATA[Cruise description]]></commentInRDBMS>
<ownerDesignName>oo_logical</ownerDesignName>
<engineerTo>
<item key="33C67C91-BDA3-A3F5-4D27-80B615705990" value="true"/>
</engineerTo>
<useDomainConstraints>false</useDomainConstraints>
<use>1</use>
<logicalDatatype>LOGDT024</logicalDatatype>
<dataTypeSize>100</dataTypeSize>
<ownDataTypeParameters>100,,</ownDataTypeParameters>
</Attribute>
<Attribute name="ship_code" id="732BC5C1-E082-C0B5-339E-63A81A7A6E14">
<createdBy>ALIENWARE</createdBy>
<createdTime>2025-05-01 09:02:48 UTC</createdTime>
<commentInRDBMS><![CDATA[Ship code]]></commentInRDBMS>
<generatorID>4CABAE05-7BB1-3C4B-AF42-DD5148296F4F</generatorID>
<ownerDesignName>oo_logical</ownerDesignName>
<engineerTo>
<item key="33C67C91-BDA3-A3F5-4D27-80B615705990" value="true"/>
</engineerTo>
<referedAttribute>6545DB2B-2DD9-55EE-7CE7-456DAF4DE2CF</referedAttribute>
<useDomainConstraints>false</useDomainConstraints>
<use>1</use>
<logicalDatatype>LOGDT019</logicalDatatype>
<dataTypePrecision>7</dataTypePrecision>
<ownDataTypeParameters>,,</ownDataTypeParameters>
</Attribute>
</attributes>
<identifiers itemClass="oracle.dbtools.crest.model.design.logical.CandidateKey">
<identifier id="E69A1094-35D5-9F4F-5B32-E75FD6F70D72" name="CRUISE PK">
<createdBy>ALIENWARE</createdBy>
<createdTime>2025-04-30 19:16:05 UTC</createdTime>
<ownerDesignName>oo_logical</ownerDesignName>
<engineerTo>
<item key="33C67C91-BDA3-A3F5-4D27-80B615705990" value="true"/>
</engineerTo>
<pk>true</pk>
<usedAttributes>
<attributeRef>213A9F58-B71E-1F88-D355-8852DA28F9FA</attributeRef>
</usedAttributes>
</identifier>
</identifiers>
</Entity>
