<?xml version = '1.0' encoding = 'UTF-8'?>
<ExtendedMap class="oracle.dbtools.crest.model.xtdmapping.ExtendedMap">
<mappings itemClass="oracle.dbtools.crest.model.xtdmapping.XtdMapping">
<Mapping id="30194EAA-D5B1594C9DA01C14555C-DBE132AE01D8" delID="30194EAA-8CD2-F0C9-E0CB-D5B1594C9DA0" oCont="5C6FE5C7-0C4F-DB91-B183-CA8C6CADFB1C" oDP="4EDE6BEC-7C96-DE7B-763C-4D57391AE8F0" oID="30194EAA-8CD2-F0C9-E0CB-D5B1594C9DA0" tCont="FEFB3F4D-A980-608A-1A9D-12AB841E536A" tDP="33C67C91-BDA3-A3F5-4D27-80B615705990" tID="1C14555C-39CC-F11D-8B68-DBE132AE01D8">
</Mapping>
<Mapping id="7D2FAC62-4E73BF2FCFD7CF9B86A8-62440FFE8E56" delID="7D2FAC62-E995-902A-AD4C-4E73BF2FCFD7" oDP="4EDE6BEC-7C96-DE7B-763C-4D57391AE8F0" oID="7D2FAC62-E995-902A-AD4C-4E73BF2FCFD7" oType="3" rSEnt="5C6FE5C7-0C4F-DB91-B183-CA8C6CADFB1C" rTEnt="5C6FE5C7-0C4F-DB91-B183-CA8C6CADFB1C" tDP="33C67C91-BDA3-A3F5-4D27-80B615705990" tID="CF9B86A8-4888-0E87-AB32-62440FFE8E56" tType="8">
</Mapping>
<Mapping id="948495B2-95A7A6A893744F35F0D9-1AF7E40AF953" delID="948495B2-B467-6511-5C3B-95A7A6A89374" oCont="5C6FE5C7-0C4F-DB91-B183-CA8C6CADFB1C" oDP="4EDE6BEC-7C96-DE7B-763C-4D57391AE8F0" oID="948495B2-B467-6511-5C3B-95A7A6A89374" tCont="FEFB3F4D-A980-608A-1A9D-12AB841E536A" tDP="33C67C91-BDA3-A3F5-4D27-80B615705990" tID="4F35F0D9-F8A8-3074-BC0A-1AF7E40AF953">
</Mapping>
</mappings>
</ExtendedMap>
