<?xml version = '1.0' encoding = 'UTF-8'?>
<FKIndexAssociation class="oracle.dbtools.crest.model.design.relational.FKIndexAssociation" directorySegmentName="seg_0" id="37166881-E4A1-AFE4-681F-FAA9C817DA95" containerWithKeyObject="238EAEBD-3F28-31D3-884C-BF6753640690" localFKIndex="B65BEA58-ED19-78D8-46CE-544601C79CAB" name="cruise_ship_fk">
<createdBy>ALIENWARE</createdBy>
<createdTime>2025-05-01 13:57:29 UTC</createdTime>
<generatorID>4CABAE05-7BB1-3C4B-AF42-DD5148296F4F</generatorID>
<ownerDesignName>oo_logical</ownerDesignName>
<referredTableLongName>CRUISE</referredTableLongName>
<deleteRule>NO ACTION</deleteRule>
<referredTableID>3B40D676-3EF0-BF3A-15A4-8FB407A027B6</referredTableID>
<keyObject>A7C8AA8A-C300-6D67-4114-B99364C31441</keyObject>
<referredKeyID>A7C8AA8A-C300-6D67-4114-B99364C31441</referredKeyID>
<mandatory>true</mandatory>
<refColNames>cruise_id</refColNames>
<transferable>true</transferable>
<rely>false</rely>
<columnDependencyConstraintGenerateInDDL>true</columnDependencyConstraintGenerateInDDL>
</FKIndexAssociation>
