<?xml version = '1.0' encoding = 'UTF-8'?>
<FKIndexAssociation class="oracle.dbtools.crest.model.design.relational.FKIndexAssociation" directorySegmentName="seg_0" id="41AC1DF7-1770-3274-F4D6-1785EA23CDE5" containerWithKeyObject="16763DAE-06FB-707D-0AB3-9FF1FF474260" localFKIndex="A730E060-2B13-63CE-6FDD-BDCB1BE6A890" name="cab_bk_fk">
<createdBy>ALIENWARE</createdBy>
<createdTime>2025-05-01 13:16:44 UTC</createdTime>
<generatorID>760EEB08-ECD9-665F-5D6D-104930EE7AE3</generatorID>
<ownerDesignName>oo_logical</ownerDesignName>
<referredTableLongName>CABIN</referredTableLongName>
<deleteRule>NO ACTION</deleteRule>
<referredTableID>6E331A31-56DA-AC89-E729-33C71A4F64F6</referredTableID>
<keyObject>047589D1-7902-ACA7-3FE8-9176751823A8</keyObject>
<referredKeyID>047589D1-7902-ACA7-3FE8-9176751823A8</referredKeyID>
<mandatory>true</mandatory>
<refColNames>cab_no,ship_code</refColNames>
<transferable>true</transferable>
<rely>false</rely>
<columnDependencyConstraintGenerateInDDL>true</columnDependencyConstraintGenerateInDDL>
</FKIndexAssociation>
