<?xml version = '1.0' encoding = 'UTF-8'?>
<Diagram class="oracle.dbtools.crest.swingui.logical.DPVLogical" name="Logical" id="9D716494-C7D5-90FD-EDE3-0C26D816F6E5">
<createdBy>Jichao Liang</createdBy>
<modifiedBy>Jichao Liang</modifiedBy>
<createdTime>2025-04-30 18:45:58 UTC</createdTime>
<autoRoute>false</autoRoute>
<boxInbox>true</boxInbox>
<showLegend>true</showLegend>
<showLabels>true</showLabels>
<showRelAttributes>false</showRelAttributes>
<gridEnabled>false</gridEnabled>
<showGrid>false</showGrid>
<diagramColor>-1</diagramColor>
<display>false</display>
<notation>2</notation>
<showAllDetails>false</showAllDetails>
<showElements>true</showElements>
<propertyMap>
<property name="ID number" value="34274723"/>
</propertyMap>
<objectViews>
<OView class="oracle.dbtools.crest.swingui.logical.TVEntity" oid="2E42A248-236E-ACE9-577D-F77EC9FE9F79" otype="Entity" vid="12E97A7F-2A45-7EC7-FAFA-3DC202258000">
<hideElementsInCurrentOnly>false</hideElementsInCurrentOnly>
<bounds x="297" y="554" width="170" height="110"/>
</OView>
<OView class="oracle.dbtools.crest.swingui.logical.TVEntity" oid="53DE7C88-DCD7-0C65-AE5B-C390EDAC1790" otype="Entity" vid="0D0572A5-B38A-400E-35AD-4BA9ED752C6C">
<hideElementsInCurrentOnly>false</hideElementsInCurrentOnly>
<bounds x="970" y="43" width="170" height="110"/>
</OView>
<OView class="oracle.dbtools.crest.swingui.TVLegend" oid="5BE060D8-8A5C-A9D9-FCD2-5E7766C0C5E1" otype="Legend" vid="7B099600-504B-C6BC-0B93-208215A16B05">
<hideElementsInCurrentOnly>false</hideElementsInCurrentOnly>
<bounds x="10" y="10" width="245" height="154"/>
</OView>
<OView class="oracle.dbtools.crest.swingui.logical.TVEntity" oid="5C6FE5C7-0C4F-DB91-B183-CA8C6CADFB1C" otype="Entity" vid="8D67B7B3-FCFC-047F-253F-ECF50F2BC7C1">
<hideElementsInCurrentOnly>false</hideElementsInCurrentOnly>
<bounds x="968" y="236" width="173" height="161"/>
</OView>
<OView class="oracle.dbtools.crest.swingui.logical.TVEntity" oid="5F40A741-2BFA-7DFA-9D24-6FC08AF90B09" otype="Entity" vid="F64DD6D4-2E06-7F92-1E9B-159F52426420">
<hideElementsInCurrentOnly>false</hideElementsInCurrentOnly>
<bounds x="634" y="380" width="170" height="110"/>
</OView>
<OView class="oracle.dbtools.crest.swingui.logical.TVEntity" oid="7D297154-FEA4-07B3-627E-082C64243610" otype="Entity" vid="A9F6468F-D3F6-8666-1A69-13D8D37601C8">
<hideElementsInCurrentOnly>false</hideElementsInCurrentOnly>
<bounds x="638" y="207" width="170" height="110"/>
</OView>
<OView class="oracle.dbtools.crest.swingui.logical.TVEntity" oid="CA56B0CE-DC7D-0B5D-F198-6EBD4FCD7129" otype="Entity" vid="366483D5-96F6-B2F3-B1F4-304B3A546C79">
<hideElementsInCurrentOnly>false</hideElementsInCurrentOnly>
<bounds x="303" y="341" width="170" height="150"/>
</OView>
<OView class="oracle.dbtools.crest.swingui.logical.TVEntity" oid="D44A8584-0BC4-8444-92B4-7CF48F9FACB5" otype="Entity" vid="33F572BB-E822-5ED2-8AA6-205FE96F6B7A">
<hideElementsInCurrentOnly>false</hideElementsInCurrentOnly>
<bounds x="304" y="151" width="170" height="110"/>
</OView>
<OView class="oracle.dbtools.crest.swingui.logical.TVEntity" oid="DD65317C-F8BA-A05B-9C6C-188CC4BE19C6" otype="Entity" vid="2B1015C5-6BA7-0E13-31DA-FD482818D3B1">
<hideElementsInCurrentOnly>false</hideElementsInCurrentOnly>
<bounds x="637" y="32" width="170" height="110"/>
</OView>
</objectViews>
<connectors>
<Connector class="oracle.dbtools.crest.swingui.logical.TVRelation" oid="0C7DC4B4-FDFD-7831-12B4-F43E52B34D99" otype="Relation" vid_source="8D67B7B3-FCFC-047F-253F-ECF50F2BC7C1" vid_target="8D67B7B3-FCFC-047F-253F-ECF50F2BC7C1">
<hideElementsInCurrentOnly>false</hideElementsInCurrentOnly>
<backgroundColor>-16777216</backgroundColor>
<lineWidth>1</lineWidth>
<sourceLabel class="oracle.dbtools.crest.model.design.Label">
<site>0</site>
<labelBounds x="1216" y="315" width="46" height="30"/>
<noBackgroundColor>true</noBackgroundColor>
<noForegroundColor>true</noForegroundColor>
</sourceLabel>
<targetLabel class="oracle.dbtools.crest.model.design.Label">
<site>2</site>
<labelBounds x="1069" y="459" width="18" height="30"/>
<noBackgroundColor>true</noBackgroundColor>
<noForegroundColor>true</noForegroundColor>
</targetLabel>
<points>
<point x="1141" y="330"/>
<point x="1216" y="330"/>
<point x="1216" y="472"/>
<point x="1069" y="472"/>
<point x="1069" y="397"/>
</points>
</Connector>
<Connector class="oracle.dbtools.crest.swingui.logical.TVRelation" oid="2B4A0166-70ED-386F-73F8-4035B4C33240" otype="Relation" vid_source="12E97A7F-2A45-7EC7-FAFA-3DC202258000" vid_target="366483D5-96F6-B2F3-B1F4-304B3A546C79">
<hideElementsInCurrentOnly>false</hideElementsInCurrentOnly>
<backgroundColor>-16777216</backgroundColor>
<lineWidth>1</lineWidth>
<sourceLabel class="oracle.dbtools.crest.model.design.Label">
<site>0</site>
<labelBounds x="385" y="518" width="55" height="30"/>
<noBackgroundColor>true</noBackgroundColor>
<noForegroundColor>true</noForegroundColor>
</sourceLabel>
<targetLabel class="oracle.dbtools.crest.model.design.Label">
<site>2</site>
<labelBounds x="385" y="527" width="18" height="30"/>
<noBackgroundColor>true</noBackgroundColor>
<noForegroundColor>true</noForegroundColor>
</targetLabel>
<points>
<point x="385" y="554"/>
<point x="385" y="491"/>
</points>
</Connector>
<Connector class="oracle.dbtools.crest.swingui.logical.TVRelation" oid="3230BF8F-EFAA-DED4-96E4-0636DAE52C20" otype="Relation" vid_source="2B1015C5-6BA7-0E13-31DA-FD482818D3B1" vid_target="A9F6468F-D3F6-8666-1A69-13D8D37601C8">
<hideElementsInCurrentOnly>false</hideElementsInCurrentOnly>
<backgroundColor>-16777216</backgroundColor>
<lineWidth>1</lineWidth>
<sourceLabel class="oracle.dbtools.crest.model.design.Label">
<site>0</site>
<labelBounds x="737" y="178" width="54" height="30"/>
<noBackgroundColor>true</noBackgroundColor>
<noForegroundColor>true</noForegroundColor>
</sourceLabel>
<targetLabel class="oracle.dbtools.crest.model.design.Label">
<site>2</site>
<labelBounds x="737" y="171" width="18" height="30"/>
<noBackgroundColor>true</noBackgroundColor>
<noForegroundColor>true</noForegroundColor>
</targetLabel>
<points>
<point x="737" y="142"/>
<point x="737" y="207"/>
</points>
</Connector>
<Connector class="oracle.dbtools.crest.swingui.logical.TVRelation" oid="430E024B-CB74-76EE-A3D5-F13F3132DA0A" otype="Relation" vid_source="366483D5-96F6-B2F3-B1F4-304B3A546C79" vid_target="F64DD6D4-2E06-7F92-1E9B-159F52426420">
<hideElementsInCurrentOnly>false</hideElementsInCurrentOnly>
<backgroundColor>-16777216</backgroundColor>
<lineWidth>1</lineWidth>
<sourceLabel class="oracle.dbtools.crest.model.design.Label">
<site>0</site>
<labelBounds x="483" y="405" width="31" height="30"/>
<noBackgroundColor>true</noBackgroundColor>
<noForegroundColor>true</noForegroundColor>
</sourceLabel>
<targetLabel class="oracle.dbtools.crest.model.design.Label">
<site>2</site>
<labelBounds x="610" y="438" width="18" height="30"/>
<noBackgroundColor>true</noBackgroundColor>
<noForegroundColor>true</noForegroundColor>
</targetLabel>
<points>
<point x="473" y="435"/>
<point x="634" y="435"/>
</points>
</Connector>
<Connector class="oracle.dbtools.crest.swingui.logical.TVRelation" oid="4CABAE05-7BB1-3C4B-AF42-DD5148296F4F" otype="Relation" vid_source="33F572BB-E822-5ED2-8AA6-205FE96F6B7A" vid_target="366483D5-96F6-B2F3-B1F4-304B3A546C79">
<hideElementsInCurrentOnly>false</hideElementsInCurrentOnly>
<backgroundColor>-16777216</backgroundColor>
<lineWidth>1</lineWidth>
<sourceLabel class="oracle.dbtools.crest.model.design.Label">
<site>0</site>
<labelBounds x="373" y="297" width="35" height="30"/>
<noBackgroundColor>true</noBackgroundColor>
<noForegroundColor>true</noForegroundColor>
</sourceLabel>
<targetLabel class="oracle.dbtools.crest.model.design.Label">
<site>2</site>
<labelBounds x="374" y="306" width="19" height="29"/>
<noBackgroundColor>true</noBackgroundColor>
<noForegroundColor>true</noForegroundColor>
</targetLabel>
<points>
<point x="373" y="261"/>
<point x="374" y="341"/>
</points>
</Connector>
<Connector class="oracle.dbtools.crest.swingui.logical.TVRelation" oid="760EEB08-ECD9-665F-5D6D-104930EE7AE3" otype="Relation" vid_source="F64DD6D4-2E06-7F92-1E9B-159F52426420" vid_target="A9F6468F-D3F6-8666-1A69-13D8D37601C8">
<hideElementsInCurrentOnly>false</hideElementsInCurrentOnly>
<backgroundColor>-16777216</backgroundColor>
<lineWidth>1</lineWidth>
<sourceLabel class="oracle.dbtools.crest.model.design.Label">
<site>0</site>
<labelBounds x="736" y="336" width="71" height="30"/>
<noBackgroundColor>true</noBackgroundColor>
<noForegroundColor>true</noForegroundColor>
</sourceLabel>
<targetLabel class="oracle.dbtools.crest.model.design.Label">
<site>2</site>
<labelBounds x="736" y="361" width="18" height="30"/>
<noBackgroundColor>true</noBackgroundColor>
<noForegroundColor>true</noForegroundColor>
</targetLabel>
<points>
<point x="736" y="380"/>
<point x="736" y="317"/>
</points>
</Connector>
<Connector class="oracle.dbtools.crest.swingui.logical.TVRelation" oid="E1CC6371-8B0D-864E-0D0C-3003DEF08BBA" otype="Relation" vid_source="0D0572A5-B38A-400E-35AD-4BA9ED752C6C" vid_target="8D67B7B3-FCFC-047F-253F-ECF50F2BC7C1">
<hideElementsInCurrentOnly>false</hideElementsInCurrentOnly>
<backgroundColor>-16777216</backgroundColor>
<lineWidth>1</lineWidth>
<sourceLabel class="oracle.dbtools.crest.model.design.Label">
<site>0</site>
<labelBounds x="1055" y="189" width="18" height="30"/>
<noBackgroundColor>true</noBackgroundColor>
<noForegroundColor>true</noForegroundColor>
</sourceLabel>
<targetLabel class="oracle.dbtools.crest.model.design.Label">
<site>2</site>
<labelBounds x="1055" y="200" width="31" height="30"/>
<noBackgroundColor>true</noBackgroundColor>
<noForegroundColor>true</noForegroundColor>
</targetLabel>
<points>
<point x="1055" y="153"/>
<point x="1055" y="236"/>
</points>
</Connector>
<Connector class="oracle.dbtools.crest.swingui.logical.TVRelation" oid="F3AF3B09-B1EF-3C3F-1365-73B5BC5B4D7A" otype="Relation" vid_source="33F572BB-E822-5ED2-8AA6-205FE96F6B7A" vid_target="A9F6468F-D3F6-8666-1A69-13D8D37601C8">
<hideElementsInCurrentOnly>false</hideElementsInCurrentOnly>
<backgroundColor>-16777216</backgroundColor>
<lineWidth>1</lineWidth>
<sourceLabel class="oracle.dbtools.crest.model.design.Label">
<site>0</site>
<labelBounds x="484" y="204" width="49" height="30"/>
<noBackgroundColor>true</noBackgroundColor>
<noForegroundColor>true</noForegroundColor>
</sourceLabel>
<targetLabel class="oracle.dbtools.crest.model.design.Label">
<site>2</site>
<labelBounds x="614" y="237" width="18" height="30"/>
<noBackgroundColor>true</noBackgroundColor>
<noForegroundColor>true</noForegroundColor>
</targetLabel>
<points>
<point x="474" y="234"/>
<point x="638" y="234"/>
</points>
</Connector>
<Connector class="oracle.dbtools.crest.swingui.logical.TVRelation" oid="F4048F5D-A674-F189-429F-359A8970F38C" otype="Relation" vid_source="8D67B7B3-FCFC-047F-253F-ECF50F2BC7C1" vid_target="A9F6468F-D3F6-8666-1A69-13D8D37601C8">
<hideElementsInCurrentOnly>false</hideElementsInCurrentOnly>
<backgroundColor>-16777216</backgroundColor>
<lineWidth>1</lineWidth>
<sourceLabel class="oracle.dbtools.crest.model.design.Label">
<site>0</site>
<labelBounds x="925" y="261" width="37" height="30"/>
<noBackgroundColor>true</noBackgroundColor>
<noForegroundColor>true</noForegroundColor>
</sourceLabel>
<targetLabel class="oracle.dbtools.crest.model.design.Label">
<site>2</site>
<labelBounds x="818" y="294" width="18" height="30"/>
<noBackgroundColor>true</noBackgroundColor>
<noForegroundColor>true</noForegroundColor>
</targetLabel>
<points>
<point x="968" y="291"/>
<point x="808" y="291"/>
</points>
</Connector>
</connectors>
</Diagram>
