<?xml version = '1.0' encoding = 'UTF-8'?>
<Relation class="oracle.dbtools.crest.model.design.logical.Relation" name="pas_pas_fk" directorySegmentName="seg_0" id="0C7DC4B4-FDFD-7831-12B4-F43E52B34D99">
<createdBy>ALIENWARE</createdBy>
<createdTime>2025-05-01 13:22:14 UTC</createdTime>
<ownerDesignName>oo_logical</ownerDesignName>
<engineerTo>
<item key="33C67C91-BDA3-A3F5-4D27-80B615705990" value="true"/>
</engineerTo>
<targetPk>4B22F9E6-DFA8-4A8D-5F11-8CC29409072D</targetPk>
<identifying>false</identifying>
<nameOnSource>guards</nameOnSource>
<nameOnTarget> </nameOnTarget>
<optionalSource>true</optionalSource>
<optionalTarget>true</optionalTarget>
<sourceCardinality>1</sourceCardinality>
<sourceEntity>5C6FE5C7-0C4F-DB91-B183-CA8C6CADFB1C</sourceEntity>
<targetCardinalityString>*</targetCardinalityString>
<targetEntity>5C6FE5C7-0C4F-DB91-B183-CA8C6CADFB1C</targetEntity>
<transferable>true</transferable>
<deleteRule>NO ACTION</deleteRule>
</Relation>
