<?xml version = '1.0' encoding = 'UTF-8'?>
<Relation class="oracle.dbtools.crest.model.design.logical.Relation" name="op_ship_fk" directorySegmentName="seg_0" id="2B4A0166-70ED-386F-73F8-4035B4C33240">
<createdBy>ALIENWARE</createdBy>
<createdTime>2025-04-30 20:58:41 UTC</createdTime>
<ownerDesignName>oo_logical</ownerDesignName>
<engineerTo>
<item key="33C67C91-BDA3-A3F5-4D27-80B615705990" value="true"/>
</engineerTo>
<sourcePk>BF8C1215-23D5-2A65-6DF7-02519F9F6B49</sourcePk>
<identifying>false</identifying>
<nameOnSource>operates</nameOnSource>
<nameOnTarget> </nameOnTarget>
<optionalSource>false</optionalSource>
<optionalTarget>false</optionalTarget>
<sourceCardinality>1</sourceCardinality>
<sourceEntity>2E42A248-236E-ACE9-577D-F77EC9FE9F79</sourceEntity>
<targetCardinalityString>*</targetCardinalityString>
<targetEntity>CA56B0CE-DC7D-0B5D-F198-6EBD4FCD7129</targetEntity>
<transferable>true</transferable>
<deleteRule>NO ACTION</deleteRule>
</Relation>
