<?xml version = '1.0' encoding = 'UTF-8'?>
<Relation class="oracle.dbtools.crest.model.design.logical.Relation" name="cruise_bk_pk" directorySegmentName="seg_0" id="F3AF3B09-B1EF-3C3F-1365-73B5BC5B4D7A">
<createdBy>ALIENWARE</createdBy>
<createdTime>2025-05-01 09:33:50 UTC</createdTime>
<ownerDesignName>oo_logical</ownerDesignName>
<engineerTo>
<item key="33C67C91-BDA3-A3F5-4D27-80B615705990" value="true"/>
</engineerTo>
<sourcePk>E69A1094-35D5-9F4F-5B32-E75FD6F70D72</sourcePk>
<identifying>false</identifying>
<nameOnSource>booked</nameOnSource>
<nameOnTarget> </nameOnTarget>
<optionalSource>false</optionalSource>
<optionalTarget>false</optionalTarget>
<sourceCardinality>1</sourceCardinality>
<sourceEntity>D44A8584-0BC4-8444-92B4-7CF48F9FACB5</sourceEntity>
<targetCardinalityString>*</targetCardinalityString>
<targetEntity>7D297154-FEA4-07B3-627E-082C64243610</targetEntity>
<transferable>true</transferable>
<deleteRule>NO ACTION</deleteRule>
</Relation>
